{
  "parent": "minecraft:item/generated",
  "textures": {
    "layer0": "minecraft:item/diamond"  // Textura base del diamante
  },
  "overrides": [
    {
      "predicate": { "custom_model_data": 1 },  // Nivel 2 (ID = 1)
      "model": "item/diamond_lvl2"  // Modelo personalizado (sin "minecraft:")
    },
    {
      "predicate": { "custom_model_data": 2 },  // Nivel 3 (ID = 2)
      "model": "item/diamond_lvl3"
    },
    {
      "predicate": { "custom_model_data": 3 },  // Nivel 4 (ID = 3)
      "model": "item/diamond_lvl4"
    },
    {
      "predicate": { "custom_model_data": 4 },  // Nivel 5 (ID = 4)
      "model": "item/diamond_lvl5"
    }
  ]
}